<?xml version="1.0" encoding="UTF-8"?>
<beans:beans xmlns="http://www.springframework.org/schema/mvc"
             xmlns:xsi="http://www.w3.org/2001/XMLSchema-instance"
             xmlns:beans="http://www.springframework.org/schema/beans"
             xmlns:context="http://www.springframework.org/schema/context"
             xsi:schemaLocation="
               http://www.springframework.org/schema/mvc https://www.springframework.org/schema/mvc/spring-mvc.xsd
               http://www.springframework.org/schema/beans https://www.springframework.org/schema/beans/spring-beans.xsd
               http://www.springframework.org/schema/context https://www.springframework.org/schema/context/spring-context.xsd">

    <context:component-scan base-package="com.cdp.health.controller"/>

    <annotation-driven/>

    <resources mapping="/resources/**" location="/resources/"/>

    <beans:bean class="org.springframework.web.servlet.view.InternalResourceViewResolver">
        <beans:property name="prefix" value="/WEB-INF/views/"/>
        <beans:property name="suffix" value=".jsp"/>
    </beans:bean>

    <beans:bean id="myUtil" class="com.cdp.health.util.MyUtil"/>
    
</beans:beans>
