<?xml version="1.0" encoding="UTF-8"?>
<beans xmlns="http://www.springframework.org/schema/beans"
       xmlns:xsi="http://www.w3.org/2001/XMLSchema-instance"
       xmlns:context="http://www.springframework.org/schema/context"
       xmlns:tx="http://www.springframework.org/schema/tx"
       xmlns:jpa="http://www.springframework.org/schema/data/jpa"
       xsi:schemaLocation="
         http://www.springframework.org/schema/beans https://www.springframework.org/schema/beans/spring-beans.xsd
         http://www.springframework.org/schema/context https://www.springframework.org/schema/context/spring-context.xsd
         http://www.springframework.org/schema/tx https://www.springframework.org/schema/tx/spring-tx.xsd
         http://www.springframework.org/schema/data/jpa https://www.springframework.org/schema/data/jpa/spring-jpa.xsd">

    <context:component-scan base-package="com.cdp.health">
        <context:exclude-filter type="annotation" expression="org.springframework.stereotype.Controller"/>
    </context:component-scan>

    <bean id="dataSource" class="org.apache.commons.dbcp.BasicDataSource" destroy-method="close">
        <property name="driverClassName" value="oracle.jdbc.OracleDriver"/>
        <property name="url" value="jdbc:oracle:thin:@//localhost:1521/xe"/>
        <property name="username" value="hell"/>
        <property name="password" value="fit"/>
        <property name="initialSize" value="5"/>
        <property name="maxActive" value="30"/>
        <property name="maxIdle" value="10"/>
        <property name="minIdle" value="5"/>
        <property name="maxWait" value="10000"/>
    </bean>

    <bean id="entityManagerFactory" class="org.springframework.orm.jpa.LocalContainerEntityManagerFactoryBean">
        <property name="dataSource" ref="dataSource"/>
        <property name="packagesToScan" value="com.cdp.health"/>
        <property name="jpaVendorAdapter">
            <bean class="org.springframework.orm.jpa.vendor.HibernateJpaVendorAdapter"/>
        </property>
        <property name="jpaProperties">
            <props>
                <prop key="hibernate.hbm2ddl.auto">none</prop>
                <prop key="hibernate.dialect">org.hibernate.dialect.Oracle12cDialect</prop>
                <prop key="hibernate.show_sql">true</prop>
                <prop key="hibernate.format_sql">true</prop>
            </props>
        </property>
    </bean>

    <bean id="transactionManager" class="org.springframework.orm.jpa.JpaTransactionManager">
        <property name="entityManagerFactory" ref="entityManagerFactory"/>
    </bean>

    <tx:annotation-driven transaction-manager="transactionManager"/>

    <jpa:repositories base-package="com.cdp.health"/>

    <bean id="sqlSessionFactory" class="org.mybatis.spring.SqlSessionFactoryBean">
        <property name="dataSource" ref="dataSource"/>
        <property name="mapperLocations" value="classpath:mybatis/mapper/*.xml"/>
    </bean>

    <bean class="org.mybatis.spring.mapper.MapperScannerConfigurer">
        <property name="basePackage" value="com.cdp.health.mapper"/>
    </bean>

</beans>
